date,clicks,conversions,cost_micros,engagements,impressions,interactions,interaction_rate,average_cpm,ctr,average_cpc,conversions_value,value_per_conversion,engagement_rate,average_cost,cost_per_conversion,average_cpe
8/1/2021,191,6,524.38,0,1159,191,0.167357895,450443554.7,0.167357895,1507944.137,0,0,0,1507944.137,895684.2105,0
9/1/2021,519,10,1662.92,0,2827,519,0.198261261,587920233.9,0.198261261,2588210.063,0,0,0,2588210.063,2727537.838,0
10/1/2021,423,11,1332.25,0,2291,423,0.149092784,437230050.3,0.149092784,1631761.227,0,0,0,1631761.227,2264295.918,0
11/1/2021,1081,29,3469.61,0,5322,1081,0.190686957,587961546,0.190686957,2635982.261,0,0,0,2635982.261,9246117.322,0
12/1/2021,1862,37,7336.276,755,47761,2595,0.147974522,542758309.9,0.142025478,4044595.624,0,0,0.042579618,2783930.796,8193133.86,137646.7694
13/1/2021,2062,35,7635.579,525,55224,2561,0.173443038,775057164.2,0.164379747,4066474.475,0,0,0.079822785,3449475.127,13047426.71,85059.09747
14/1/2021,2021,24,7982.112,589,47347,2592,0.1506875,489423997.1,0.1452625,3512517.25,0,0,0.02945,2753311.431,10172875,71407.5475
15/1/2021,1907,34,6456.487,365,45288,2253,0.150943396,516852504.2,0.145880503,3397234.943,0,0,0.041232704,2859132.506,11672528.93,79423.00063
16/1/2021,1500,20,4760.654,532,45543,1993,0.151120253,401550054.4,0.145981013,2541950.513,0,0,0.043113924,2027626.684,7532300.633,79764.42532
17/1/2021,1559,15,4686.98,428,42994,1947,0.145273333,434542026.9,0.140166667,2478977.033,0,0,0.043613333,2000586.937,6239812.027,94399.48067
18/1/2021,2061,47,8266.328,800,39711,2833,0.171987578,653034287,0.165354037,4129665.789,0,0,0.022403727,3034171.59,9632531.081,146331.5839
19/1/2021,2538,41,7842.083,481,54037,3000,0.163913043,452523137.6,0.158770186,2967351.994,0,0,0.02847205,2295445.416,13649376.42,97868.66273
20/1/2021,2536,34,8011.222,369,51168,2881,0.180826923,519885072.4,0.176987179,3314282.637,0,0,0.026269231,2432069.399,13453849.26,205626.6833
21/1/2021,2688,19,8205.464,398,49868,3061,0.177503106,450202853.8,0.172217391,3293975.011,0,0,0.025397516,2585790.091,4329329.193,137772.6211
22/1/2021,2737,22,9526.482,570,42822,3275,0.184398773,716153803.9,0.178361963,3793840.08,0,0,0.026337423,3151529.264,8879751.485,115505.6086
23/1/2021,1789,4,6462.647,364,42007,2138,0.18414557,789059701.7,0.178424051,3570650.449,0,0,0.045943038,2763367.062,3625664.557,75232.28101
24/1/2021,1575,9,4931.684,308,36439,1867,0.2085375,491788237.4,0.2045375,2783258.856,0,0,0.0638875,2254397.244,4191634.4,73185.75625
25/1/2021,1959,51,6950.641,762,33665,2674,0.157705521,514260332,0.147239264,3010691.865,0,0,0.052294479,2259650.368,13136125.82,128133.4497
26/1/2021,1702,44,5425.168,871,34573,2533,0.18005625,405087816.8,0.16435625,2592855.863,0,0,0.06375625,1786963.369,8173745.625,97237.56875
27/1/2021,1343,40,4619.047,877,31741,2174,0.177701863,430399160.8,0.166745342,2483576.807,0,0,0.047807453,1776035.211,8174079.453,104272.095
28/1/2021,1617,46,4465.141,680,31558,2260,0.165006757,370881236.5,0.149804054,2551068.77,0,0,0.070756757,1898420.022,7237694.595,120496.9074
29/1/2021,1873,35,6402.795,805,36419,2650,0.185167785,506856912.2,0.165463087,3566531.53,0,0,0.066738255,2749265.5,11359844.91,94254.50134
30/1/2021,1629,27,5231.108,374,41307,1988,0.1384,364792211.9,0.13137931,2767075.531,0,0,0.070027586,2163492.821,10279158.7,62153.79517
31/1/2021,1403,20,4552.563,138,38267,1537,0.158,547462819.5,0.153923077,2910483.573,0,0,0.057181818,2740789.497,10799210.49,35205.1035
1/2/2021,2250,29,7188.36,659,60790,2873,0.171333333,523031311.7,0.163122449,3289214.286,0,0,0.078761905,2689309.423,15371799.43,82517.20408
2/2/2021,2639,50.5,8876.918,638,71729,3249,0.165987805,595718318.6,0.160280488,3562915.768,1.931707317,3.863414634,0.04302439,2931401.92,15378590.85,72255.88415
3/2/2021,2310,45,8418.958,895,54501,3161,0.160698225,549712873.8,0.150236686,3548464.231,0,0,0.051130178,2857269.654,16947307.55,86936.18876
4/2/2021,2071,43,8890.765,1063,45456,3081,0.142287356,539556888.9,0.133810345,3607377.103,0,0,0.039597701,2730578.293,15342387.31,80709.38103
5/2/2021,1975,46.07,7905.691,706,35891,2631,0.145860465,635587295.5,0.139563953,3907497.68,6.638662791,6.204011628,0.031360465,3092943.008,13959793.38,91129.8593
6/2/2021,1544,17,6553.333,212,35910,1746,0.122470588,486911557.2,0.120605882,4338405.176,0,0,0.025005882,3762403.635,8481703.976,45169.65
7/2/2021,1335,18,6074.704,145,30424,1472,0.148139394,507417926.4,0.146357576,4754556.424,0,0,0.035478788,4093151.539,8001757.673,27448.56303
8/2/2021,2239,45.26,8964.119,394,47907,2621,0.146494186,609016044.3,0.143930233,4396261.169,1.362534884,10.46511628,0.06052907,3728270.706,11787202.95,55922.45465
9/2/2021,2412,43,9424.998,511,77547,2884,0.12202381,553430153.5,0.117375,3571205.131,0,0,0.045886905,3237162.619,15032312.48,79950.3256
10/2/2021,2063,48.32,8665.157,609,49611,2621,0.138189024,498213763.7,0.133792683,3361388.835,0.85770122,2.682926829,0.023646341,2654145.346,12508507.9,121503.3427
11/2/2021,1953,34.271,8961.819,351,49764,2287,0.135472727,645665459.8,0.131345455,3817046.988,0.808993939,2.981818182,0.032690909,3274208.491,14084176.18,70026.59515
12/2/2021,1832,32,7834.018,435,44142,2238,0.142955975,623548765.1,0.137176101,3805534.088,2.767295597,1.383647799,0.044786164,3279498.748,13623836.68,64313.2434
13/2/2021,1168,28,5701.444,220,33659,1381,0.105464968,493792497.1,0.10233758,3657280.745,0,0,0.050261146,2896097.268,8196789.809,100367.9255
14/2/2021,996,6,4684.963,260,36574,1241,0.104530864,627553109.3,0.097228395,3556853.272,0,0,0.040919753,3171736.068,7592506.173,72042.25309
15/2/2021,1518,40,6679.448,448,44234,1951,0.118737805,583141820.5,0.11202439,4106553.463,0,0,0.030780488,3483895.854,13980203.17,72638.59451
16/2/2021,1534,35.188,6470.026,599,45795,2097,0.103223602,377373335.1,0.095658385,3360867.36,0.186819876,0.99378882,0.034354037,2461150.28,10813455.53,134728.1137
17/2/2021,1677,23,7069.787,516,53321,2157,0.126674157,438467397.6,0.123831461,3573973.421,0,0,0.016808989,2802370.5,10182842.74,188448.3539
18/2/2021,1721,29,7023.561,435,53806,2128,0.115381503,517010996.8,0.112982659,3733035.613,0,0,0.016121387,3074521.532,7526508.312,143050.126
19/2/2021,1598,27,7411.718,361,45554,1931,0.114534483,533859171.2,0.111511494,3858873.989,0,0,0.019735632,3183341.109,9647011.402,125241.773
20/2/2021,1221,20,5382.267,200,39302,1405,0.119612717,524966047,0.11734104,3462563.272,0,0,0.019815029,3048545.243,6177502.89,94684.4104
21/2/2021,1166,19,4333.529,45,45596,1208,0.100683908,306809503.8,0.099896552,2765212.678,0,0,0.020971264,2538625.724,4668417.195,27383.04598
22/2/2021,1627,38,7699.596,140,29589,1764,0.119286517,736158822,0.11058427,4818604.888,0,0,0.024589888,4483035.247,10442052.67,28516.97584
23/2/2021,1720,28.205,9002.218,164,30863,1878,0.115115607,568076984.9,0.113075145,4100907.514,0.802745665,3.91516763,0.009878613,3720637.514,16310075.33,63009.68786
24/2/2021,1809,25.083,9052,311,34038,2115,0.132870787,583753379.8,0.128370787,4157162.421,0.056247191,0.674157303,0.02594382,3657520.742,12737549.44,79664.26573
25/2/2021,1683,38,6844.709,251,33829,1924,0.130136364,494254411,0.127982955,3680117.631,0,0,0.018744318,3127369.506,8900602.932,68051.80114
26/2/2021,1636,27,6036.755,200,30344,1820,0.105505747,402755517.1,0.102747126,2538360.052,0,0,0.015890805,2192743.977,9008008.575,64406.75862
27/2/2021,1079,18.089,4308.303,117,24779,1190,0.137462963,502463600,0.135018519,3015277.469,0.293339506,3.278925926,0.010777778,2810459.809,7129999.901,39547.95062
28/2/2021,1008,14,4060.247,128,22851,1129,0.147329268,714317800.7,0.1455,3124159.957,0,0,0.020231707,2906908.89,9683638.415,51923.43902
1/3/2021,1802,29.225,7899.882,382,34108,2167,0.125011561,503699096.7,0.121884393,3444615.249,0.707913295,3.144508671,0.022693642,2862361.272,11305095.56,62274.74566
2/3/2021,1943,41,8586.08,299,38494,2229,0.144196809,724916656.2,0.140819149,3784020.016,0,0,0.014867021,3383698.133,10370580.26,42703.41489
3/3/2021,1956,37,6796.079,348,34266,2291,0.127022222,445058841.4,0.124405556,2617984.739,0,0,0.030733333,2265462.794,9710316.622,36487.48056
4/3/2021,2021,35,7235.774,406,32395,2419,0.14003125,457863367,0.136880208,2636793.604,0,0,0.021276042,2161640.695,9597290.208,45800.70573
5/3/2021,1842,39,6025.417,295,28349,2130,0.145695187,435156099,0.14215508,2811510.23,0,0,0.020620321,2186646.572,5270290.374,57224.17059
6/3/2021,1267,14.048,4289.433,115,31491,1379,0.131836066,409728190.9,0.130650273,2828324.426,0.130535519,2.714131148,0.009754098,2316505.066,8556888.24,72798.23661
7/3/2021,1114,20.934,3278.963,126,30433,1233,0.161653179,530771949.6,0.157277457,2832846.572,0.946404624,3.699421965,0.020924855,2294295.983,5954590.197,64973.16763
8/3/2021,1814,24,5901.834,123,33367,1930,0.151066667,488081751.8,0.147589744,2743211.846,0,0,0.015682051,2203653.949,5955075.344,125292.7862
9/3/2021,1742,33,5692.893,4,50277,1746,0.136561224,524419762.7,0.136295918,2265498.617,0,0,0.006341837,2258671.806,9943715.796,1034.153061
10/3/2021,1716,33.565,6630.351,13,30160,1729,0.160542714,631846953.2,0.159050251,2676143.859,1.534331658,3.834170854,0.007150754,2661864.724,10730681.43,14405.50251
11/3/2021,1746,24,5526.925,17,47121,1759,0.13371134,476709872.3,0.131876289,2315230.686,0,0,0.005314433,2307995.289,8705363.402,6546.036082
12/3/2021,1230,18,4316.804,6,21802,1234,0.132686486,598113287.8,0.132335135,2851231.492,0,0,0.004351351,2843365.827,5810064.908,8140.508108
13/3/2021,945,17.111,2396.9,0,23493,945,0.138292818,402087516.2,0.138292818,1840840.403,0.23860221,2.154696133,0,1840840.403,5919116.022,0
14/3/2021,748,9,1991.957,3,15724,751,0.122528736,439898146.8,0.122327586,1820932.201,0,0,0.008045977,1819508.316,5319540.138,7570.752874
15/3/2021,1452,29.443,3900.239,20,42376,1471,0.126283333,438722248.6,0.1261,1984887.572,0.8918,2.013333333,0.007555556,1967812.883,6085504.467,4883.724444
16/3/2021,2040,31.049,5696.549,24,60257,2062,0.156594737,591144872,0.155394737,2365387.842,0.676231579,4.578947368,0.011278947,2358383.553,7154621.179,5909.863158
17/3/2021,2065,31.913,5960.739,31,62209,2091,0.161679558,604452217.9,0.161403315,2695110.961,2.053237569,5.018629834,0.002486188,2686751.613,10958635.82,9380.093923
18/3/2021,1797,28,5727.603,75,57049,1861,0.143349206,530449931.3,0.136227513,2446881.937,6.565079365,3.282539683,0.016746032,2423738.196,8304501.608,22301.5873
19/3/2021,1584,18,4826.067,162,38754,1720,0.151117978,487773003.4,0.147348315,2386688.337,0,0,0.009106742,2327585.323,8870603.933,23813.36236
20/3/2021,730,14.48,2417.724,54,13728,782,0.136704545,436200828.2,0.130704545,1920227.591,1.272392045,2.649698864,0.012034091,1888831.112,4058932.932,36397.67727
21/3/2021,730,5.403,2251.632,385,20297,1070,0.150389831,432720346.3,0.142225989,2049399.288,0.091050847,0.225988701,0.011943503,2018043.175,3477040.136,12475.9774
22/3/2021,1418,26.338,5081.79,1329,24018,2574,0.160521505,545612452.5,0.155231183,2137764.656,0.127112903,0.376344086,0.018387097,2054573.976,8756654.387,60250.16344
23/3/2021,1630,24.281,5745.033,2005,50192,3389,0.131554945,529863912.4,0.123840659,2379259.022,0.370483516,1.318681319,0.014659341,2182161.714,8219244.352,44342.28462
24/3/2021,1739,21.315,6061.376,3325,43228,4660,0.134352632,423511922.2,0.122284211,2470937.063,0.057963158,0.184210526,0.033452632,2168464.861,10959931.49,84558.73421
25/3/2021,2889,43.701,13722.18,5644,126687,7993,0.145356021,538556266.7,0.135078534,4134784.309,8.092434555,11.52790576,0.028623037,2655408.325,27918595.77,306803.8429
26/3/2021,2536,35.282,12112.151,6376,130990,8395,0.123619565,439933429.2,0.113054348,4152375.527,7.24311413,10.24369565,0.027896739,2671731.109,16782642.46,333472.4293
27/3/2021,2113,20.367,10852.491,3166,117836,5055,0.138099448,475552664.9,0.126088398,3562395.735,0.634066298,1.729281768,0.039585635,2477150.399,12505553.02,284155.0508
28/3/2021,2396,14,11934.571,7444,108408,9292,0.14111413,388107061.1,0.117451087,5130679.62,0,0,0.048858696,1941834.63,10653496.09,241464.9728
29/3/2021,2919,28.333,13935.067,10769,129496,12958,0.157559585,501091932.7,0.132740933,5264417.824,25.72834715,10.64677202,0.04146114,2255787.798,18198825.59,185414.4508
30/3/2021,3072,41.412,12736.155,7617,127147,10141,0.181910995,623565789.5,0.161188482,4312088.707,0.150874346,0.366492147,0.040439791,2449087.079,15190948.04,139602.9534
31/3/2021,2654,37,12381.814,9807,116243,11629,0.145565445,465842917.7,0.122837696,4579597.047,0,0,0.032921466,2037179.22,14280776.92,181158.8482
8/4/2021,2251,33,10012.271,5535,86740,7332,0.153794872,604710231.4,0.129794872,4364510.705,0,0,0.048358974,2277495.083,21451310.54,198381.3397
9/4/2021,3225,23,19574.21,9066,139223,11643,0.148541401,646962750,0.121598726,7603568.484,0,0,0.04756051,3165882.65,24307331.41,277203.879
10/4/2021,1487,21,6045.109,1676,35660,3004,0.139258278,679526502.6,0.112993377,4006167.483,0,0,0.050874172,3380487.572,8908331.669,90073.41258
11/4/2021,2058,14,8383.931,998,75571,2960,0.121738854,728830743.2,0.098082803,4588600.962,0,0,0.057299363,4240341.162,12407478.19,67759.81783
12/4/2021,4731,42,31022.769,1847,60046,6436,0.16302454,999550863.3,0.132631902,5448181.479,0,0,0.053503067,5031678.677,41325965.3,63907.49755
13/4/2021,6074,40,39016.691,1714,84027,7593,0.131891566,830611641.5,0.106837349,5497906.398,0,0,0.047975904,5197152.246,62353710.29,68225.79458
14/4/2021,4369,34,32620.309,2950,71594,7063,0.137716867,992810208.3,0.105126506,7388702.181,0,0,0.058307229,6982191.603,56579670.14,65681.27169
15/4/2021,4130,44,27805.55,3898,89982,7675,0.108351515,896655001.3,0.085393939,8053852.824,0,0,0.050115152,7586155.124,47424285.75,67261.11394
16/4/2021,2942,26,24572.831,2973,64333,5697,0.121832335,1104521376,0.088377246,8734997.647,0,0,0.062065868,8185330.289,23630922.28,63826.28263
17/4/2021,1352,12,4732.134,933,59476,2200,0.160559211,677159882.5,0.135118421,3192109.237,0,0,0.059388158,2905239.675,6823597.211,79480.76579
18/4/2021,1298,12,4624.274,368,46715,1637,0.160297297,535713598.7,0.134472973,2549942.568,0,0,0.070101351,2333697.747,16667840.03,61863.9473
19/4/2021,2205,25,9938.643,661,64048,2788,0.166981595,652444811.1,0.142944785,3369787.969,0,0,0.051196319,3106269.365,14835447.71,58787.09141
20/4/2021,1772,39,5922.816,427,44570,2157,0.175658683,674948367,0.143874251,3019452.06,0,0,0.060365269,2793299.35,7672589.82,67211.75629
21/4/2021,1628,35,5224.595,941,36585,2486,0.17539521,598028076.2,0.149143713,2701447.964,0,0,0.042431138,2333740.232,10059674.35,82013.08263
22/4/2021,1500,30,4388.753,1029,31005,2435,0.176224852,703090503.9,0.150218935,2906764.893,0,0,0.046201183,2467232.14,3996027.68,76510.91065
23/4/2021,1365,33,3946.283,865,28955,2152,0.154913043,522954809.2,0.125944099,2621853.137,0,0,0.04878882,2208100.509,8521705.64,74662.4795
24/4/2021,1173,17,2779.735,627,43639,1754,0.151683871,379013513.9,0.115090323,1983508.342,0,0,0.063922581,1642728.961,5475796.232,91995.56
25/4/2021,763,11,2403.374,935,17059,1633,0.17652381,729913167.1,0.141591837,2598421.415,0,0,0.059061224,1990397.801,5897712.816,89188.53946
26/4/2021,1485,31,5974.549,1124,22975,2526,0.18504321,732811749.1,0.151851852,3116322.253,0,0,0.04895679,2581975.426,10155005.53,121418.142
27/4/2021,1577,36,5865.644,1424,26933,2869,0.171607362,482077700.9,0.138711656,2667214.534,0,0,0.051496933,1950490.188,5947976.123,118137.719
28/4/2021,1726,46,6591.58,772,38455,2405,0.155196203,652756390.2,0.135151899,3285638.462,0,0,0.039139241,2837859.684,9564097.127,189840.057
29/4/2021,1614,39,5702.325,1023,43404,2555,0.166740741,647353796.1,0.140666667,3092174.494,0,0,0.049098765,2488341,10549703.75,103854.3685
30/4/2021,1231,20,3900.699,849,32850,2017,0.175421053,570910164.6,0.152967105,2702851.487,0,0,0.042039474,2189168.041,10222824.18,129107.7118
1/5/2021,1223,9,3241.141,1368,38815,2472,0.158971831,1048870403,0.130753521,2812299.993,0,0,0.046971831,2072698.761,5487887.324,118550.2676
2/5/2021,1086,9,2274.906,746,49344,1764,0.126398649,320569615.5,0.100128378,1746843.345,0,0,0.054601351,1313195.397,4802804,89057.91351
3/5/2021,1844,49,6664.664,1459,35897,3172,0.149181208,495605717,0.134261745,2047367.99,0,0,0.024724832,1667096.941,4862423.181,59050.33859
4/5/2021,2625,51,10235.173,983,66162,3520,0.122541779,454630077.8,0.11125876,2281864.062,0,0,0.016498652,2117559.191,5621681.38,44188.83423
5/5/2021,2246,38,9917.545,648,21336,2834,0.15290932,564738985,0.139879093,2424192.008,0,0,0.018425693,2244019.834,7304683.3,59834.62217
6/5/2021,2269,48,10823.821,587,20136,2813,0.133359788,568979840.8,0.122436508,2627208.093,0,0,0.016415344,2443619.948,6072058.243,29228.63175
7/5/2021,1947,45,10200.254,1772,24938,3593,0.132753388,662263082.6,0.120850949,2910856.818,0,0,0.017284553,2626010.089,8412639.48,47103.07046
8/5/2021,1406,29,6957.862,809,14135,2163,0.140568807,715004186.1,0.121434251,2320821.031,0,0,0.029229358,2203049.922,6155330.226,48814.51988
9/5/2021,1228,26,4288.357,1328,24412,2432,0.12293,457739485,0.108146667,1889289.917,0,0,0.032836667,1663693.689,4825627.867,70376.21867
10/5/2021,1889,32,7664.016,1457,29483,3197,0.132841424,614238260.1,0.124734628,2230841.298,0,0,0.026935275,2127784.422,7111637.618,38617.00324
11/5/2021,2687,52,11012.575,2711,46768,5123,0.135468657,502445946.6,0.125459701,2089018.466,0,0,0.020823881,1899564.672,6568612.012,71850.14328
12/5/2021,2043,65,8978.178,1269,21039,3174,0.130918129,530277925.3,0.11774269,2291033.731,0,0,0.019520468,2011705.346,6434057.263,40342.8231
13/5/2021,1929,52,8582.832,487,17041,2373,0.125116992,662076549.7,0.11297493,2421918.398,0,0,0.022295265,2128424.71,6101969.805,37970.35989
14/5/2021,2170,50,11345.862,7115,60917,8855,0.146782961,404173796.8,0.105908722,2373050.919,0,0,0.049344828,1686837.662,5578865.55,80710.8288
15/5/2021,4225,34,36322.08,16823,191105,20159,0.122273319,636998986.7,0.088524946,4987865.688,0,0,0.052911063,2201365.691,19900348.98,273504.9885
16/5/2021,4259,26,22458.029,3788,85973,7820,0.115034722,458409029.5,0.098097222,3382591.421,0,0,0.050958333,2212714.277,11491090.15,130779.3079
17/5/2021,29820,64,58487.606,408,1855325,30211,0.136713656,685350945.3,0.136647577,2336704.553,0,0,0.03484141,2329779.606,44216719.4,19215.64097
18/5/2021,20198,84,52452.031,71,997474,20268,0.129230599,531512336.2,0.129159645,2329947.279,0,0,0.019152993,2328083.401,30593986.39,6761.892683
19/5/2021,23106,66,45532.979,640,1125394,23697,0.136438849,566749095.8,0.134453237,2256043.058,0,0,0.024227818,2174024.333,18715387.94,40064.98801
20/5/2021,40910,71,79867.113,282,2442927,41175,0.144901408,609691327.9,0.144849765,2312971.239,0,0,0.026197183,2311280.181,38239804.42,50390.18216
21/5/2021,11141,64,42166.8,402,466646,11500,0.135154023,604792224,0.134765517,2567489.23,0,0,0.033613793,2551992.372,8742199.945,54594.63333
22/5/2021,32740,38,88696.571,1227,1725570,33869,0.112061776,556364527.9,0.11184749,2420393.656,0,0,0.03161583,2405657.268,17869567.27,92537.73533
23/5/2021,10331,44,17863.379,1196,633065,11447,0.109925764,592003572.1,0.109458515,2635357.203,0,0,0.033853712,2605476.882,8396914.777,165545.7987
24/5/2021,25369,70,38902.498,3927,1935300,29070,0.115014463,713472205.1,0.113433884,2980989.996,0,0,0.030033058,2892469.758,13456056.03,203291.2025
25/5/2021,20346,70,31852.53,1058,1511473,21343,0.132924125,842332458.3,0.132515564,2881030.572,0,0,0.024717899,2869886.599,9871583.541,103870.3444
26/5/2021,32111,70,64619.388,6363,2353459,38077,0.112554435,663106641.8,0.108274194,3402761.329,0,0,0.026332661,3092961.167,34425367.82,161896.3185
27/5/2021,30272,86,89537.409,6422,2337500,36283,0.106174897,763722726.5,0.104872428,4175377.442,0,0,0.028251029,4018784.872,44923572.31,263067.7963
28/5/2021,8730,90,98977.769,16648,296982,24380,0.11277131,746725881.6,0.093891892,7437393.819,0,0,0.026981289,4705636.734,58136126.57,286142.8669
29/5/2021,8976,85,92343.622,9661,485997,18035,0.098746667,894923668.2,0.092366667,6804194.907,0,0,0.029142222,5312777.26,55833611.16,314006.1311
30/5/2021,8192,65,96554.814,7437,410927,15016,0.080355556,802140269.1,0.074011111,7708480.853,0,0,0.033664444,6247674.831,65551846.47,349570.4644
31/5/2021,9204,76,115392.594,5936,526182,14688,0.10867,1064807272,0.103766,8894622.432,0,0,0.029764,8132458.808,61320588.77,204379.898
1/6/2021,11073,89,105712.466,15785,661675,25701,0.109451087,1007357372,0.100530797,8055300.382,0,0,0.03863587,7237165.973,38610872.59,131720.9203
2/6/2021,4879,72,27563.284,2978,212234,7616,0.120872642,588919691.2,0.113653302,3509527.726,0,0,0.043518868,2793103.075,18041782.85,237897.6861
3/6/2021,3537,66,14196.267,985,230599,4442,0.125076037,597218278,0.117764977,2675210.177,0,0,0.050585253,2352298.006,8259540.101,134712.968
4/6/2021,2330,63,10470.571,215,72121,2525,0.124164286,531745145.6,0.11587381,2368989.745,0,0,0.0378,2238717.011,7655838.076,100628.0752
5/6/2021,2011,30,7865.131,69,51311,2076,0.131746835,485506997.3,0.123817722,2055450.382,0,0,0.027850633,2022787.829,4244964.01,43594.34684
6/6/2021,2178,30,8196.61,119,79292,2294,0.121981818,415215923,0.111955844,2053771.749,0,0,0.056696104,1984131.462,8482738.701,26922.76026
7/6/2021,3181,69,15075.369,717,78585,3847,0.121230425,408587515.2,0.111740492,2115143.374,0,0,0.035982103,1961767.016,6357464.617,72288.50358
8/6/2021,3455,61,15556.231,1230,80613,4592,0.165923611,680369857,0.151224537,2565901.153,0,0,0.04687037,2330098.706,8818078.667,108073.0616
9/6/2021,2933,70,13522.17,649,57031,3521,0.152945824,662273229.9,0.137300226,2518796.029,0,0,0.044088036,2338019.067,7041513.093,95275.85869
10/6/2021,2841,69,12335.424,990,68090,3771,0.153220721,576432683.3,0.141202703,2240103.849,0,0,0.030849099,2002445.46,8387422.775,100908.8279
11/6/2021,2533,57,11416.868,483,56841,2977,0.144651659,483162496.2,0.131464455,2180646.647,0,0,0.042905213,1923820.504,6500629.374,64631.58318
12/6/2021,2137,42,9244.133,493,63208,2604,0.142663342,539590908.6,0.128987531,2458782.459,0,0,0.037496259,2139979.147,4991057.117,86085.87731
13/6/2021,2037,34,9181.748,378,62623,2386,0.106380597,374480666.2,0.096380597,1948701.197,0,0,0.038291045,1777101.585,5299125.055,110439.3905
14/6/2021,3243,64,15559.09,802,78650,4001,0.1164,465769785.2,0.10727957,2305179.243,0,0,0.028264516,2045330,10565967.88,80724.62151
15/6/2021,3210,63,16004.688,777,72871,3918,0.086246493,326143124.1,0.073192385,2314763.449,0,0,0.026809619,2102112.259,4720947.912,114670.0523
16/6/2021,2622,60.227,13410.423,311,42215,2906,0.10510166,410239103.2,0.09479668,2346156.114,0.218543568,0.962655602,0.030639004,2234471.731,4852126.988,68783.4305
17/6/2021,2575,64,14793.627,2106,53281,4536,0.14589172,506686885.8,0.125127389,2673286.964,0,0,0.034781316,2100474.464,5937032.204,142216.5575
18/6/2021,2253,48,14731.891,4946,60867,6810,0.137140187,546474887.9,0.105768692,3343580.322,1.341121495,1.341121495,0.044642523,1989901.874,8132683.234,207815.7991
19/6/2021,1567,29,10858.981,3629,39604,4948,0.13028,346565753.9,0.0875375,3230058.45,0,0,0.0549675,1583549.683,4293451.52,256835.9925
20/6/2021,1096,23.32,4634.027,53,24617,1145,0.09097644,447843159.7,0.084206806,1876570.861,0.180994764,0.565445026,0.022246073,1793250.296,2797133.77,31293.15707
21/6/2021,2250,58.359,11689.774,117,29473,2363,0.133880361,633446770,0.120437923,2505329.036,0.446060948,1.241534989,0.042419865,2402404.856,6849404.036,46391.07517
22/6/2021,2049,40.09,10047.359,62,23170,2110,0.136004717,453832614.3,0.129738208,2010266.333,0.348617925,3.875,0.03403066,1964552.774,7850668.396,26931.09151
23/6/2021,2056,46.678,10227.846,33,24055,2088,0.126362587,556493646.7,0.118773672,2052351.665,0.752034642,1.108545035,0.029632794,2016312.162,5275622.379,20461.59353
24/6/2021,4145,65.75,18726.998,308,117867,4431,0.133639821,661074771.7,0.123154362,2444587.447,0.093959732,0.125279642,0.039393736,2316402.828,8942337.62,81006.30805
25/6/2021,16891,96,118478.629,18805,1291132,34856,0.116417051,479181688.9,0.108942396,3761378.823,0,0,0.038631336,2206198.509,52058972.72,287111.2926
26/6/2021,17990,79,98966.057,15265,1729265,32523,0.113427861,517902509.8,0.110875622,3011969.958,0,0,0.035410448,2276195.164,53905472.4,307891.2525
27/6/2021,7833,56,64440.188,14515,685391,21562,0.098836788,401002219.7,0.094137306,3089407.946,0,0,0.049165803,2136002.78,69941095.01,343540.1228
28/6/2021,8331,91.639,69571.406,23665,647135,30770,0.12154717,547026303.8,0.113775943,3305388.002,1.237353774,0.754716981,0.045481132,2065169.48,61528578.18,234258.6901
29/6/2021,10886,84.173,64789.993,11216,896125,21631,0.123624685,448426941.6,0.119287154,2926703.96,0.131831234,0.763224181,0.043559194,2198277.836,45118707.04,192543.3967
30/6/2021,7232,87,40980.289,3272,497279,10391,0.134259681,619271453.3,0.129656036,2883789.353,0,0,0.052291572,2565669.459,24619521.9,113762.5191
1/7/2021,12410,101.333,73104.856,11133,1090776,23120,0.125087059,558722585.3,0.119656471,2981277.664,0.602355294,1.807058824,0.054002353,2463464.287,52404016.01,114866.8176
2/7/2021,5634,77,40751.965,5848,366346,11263,0.113294686,435868642,0.100707729,3134601.5,0,0,0.075794686,2203451.036,18080652.8,140078.0234
3/7/2021,1553,31,6892.399,85,39825,1635,0.090893939,352024698,0.08625,1882561.652,0,0,0.048707071,1797872.134,5260259.636,15617.99217
4/7/2021,1603,29.5,7896.47,33,41408,1634,0.106659259,459800763,0.10157284,2269078.593,0.385185185,0.77037037,0.021432099,2235725.333,5159119.249,11722.57654
5/7/2021,2501,63.047,16367.193,84,42185,2577,0.115519737,582664814.1,0.109129386,2791203.667,0.043506579,0.932407895,0.026388158,2748128.134,9303685.368,16103.74079
6/7/2021,2157,59,13384.295,61,31617,2217,0.107698448,756227175.9,0.093563193,3037392.075,0,0,0.041711752,2980010.135,7750046.049,13001.15743
7/7/2021,2158,54,12915.23,70,37408,2226,0.115343529,543912229.7,0.101094118,2308784.605,0,0,0.048915294,2238127.325,7611227.539,17879.97859
8/7/2021,2289,54,14160.583,48,35483,2332,0.138515556,706603187.2,0.118,2978687.404,0,0,0.037748889,2939451.749,10175082.19,7996.688667
9/7/2021,2184,61,11265.597,57,37827,2236,0.114564835,531474563.6,0.102617582,2245692.519,0,0,0.025432967,2193674.64,6865437.363,11000.73736
10/7/2021,1947,36,9454.521,39,44060,1984,0.140056075,662259921.6,0.133390187,2399715.748,0,0,0.028971963,2372712.626,7221529.963,12814.73715
11/7/2021,1656,22,7230.382,10,41371,1666,0.10687799,442280335.1,0.103260766,2033979.952,0,0,0.012760766,2028804.78,5122344.498,4256.688995
12/7/2021,2514,53,11605.126,11,38491,2525,0.142074561,642679773.7,0.131559211,2517288.575,0,0,0.015899123,2519064.338,8955960.509,8194.166667
13/7/2021,2300,67,10443.823,11,29234,2310,0.131604348,531402268.6,0.125802174,2116426.739,0,0,0.017065217,2118478.315,7025284.748,25415.75652
14/7/2021,2131,60,9981.325,12,24841,2143,0.13810245,577244074.6,0.135717149,2291161.359,0,0,0.012942094,2287511.84,5244332.775,1036.628062
15/7/2021,2083,45.294,8731.092,16,21741,2097,0.130398649,452361190.8,0.128851351,2017634.982,0.138997748,0.472972973,0.013963964,1991162.651,6062229.261,4562.045045
16/7/2021,2105,41,8914.859,37,31146,2141,0.085690377,327835531,0.079016736,1373334.854,0,0,0.011868898,1365343.086,3329418.365,5366.145049
17/7/2021,1763,46,8163.087,25,30632,1785,0.065493976,247620846.9,0.063543507,1287167.744,0.540829987,0.540829987,0.010175368,1274871.988,3468345.108,4092.182062
18/7/2021,1412,30.049,6056.688,26,25370,1437,0.074002725,263280227.9,0.073336512,1256022.749,0.02620436,0.536239782,0.00796049,1239585.714,3336232.981,8483.576158
19/7/2021,2456,58,12167.206,140,43782,2589,0.075306763,236686188.6,0.064072464,1392303.349,0,0,0.017165459,1346015.176,4025210.512,19404.16365
20/7/2021,3482,76,18782.802,108,85427,3578,0.088570455,393871492.9,0.080934091,2581685.989,0,0,0.0159625,2544750.476,4493416.591,33339.83466
21/7/2021,9604,96.077,73492.625,2873,520449,12340,0.06882786,406035602.2,0.062898075,4388503.775,0.401440544,0.611551529,0.012525481,3967848.963,21578419.27,98382.32163
22/7/2021,10134,96,71926.672,3616,578148,13577,0.076208183,385138968.1,0.07143562,2991414.669,0.981949458,0.981949458,0.011924188,2400063.337,30190437.81,121737.6691
23/7/2021,8054,103.68,72209.093,17131,499103,24525,0.083888756,339456325.1,0.076769139,3691801.783,0.175711722,0.258373206,0.015003589,2203630.799,21683790.35,112491.7165
24/7/2021,8849,88,64794.217,7649,535540,16126,0.070406758,340356320,0.063483104,3438705.436,0,0,0.016035044,2682622.084,28010436.84,122089.3279
25/7/2021,8555,74.363,61404.874,4166,534147,12531,0.07247201,390583536.4,0.066667939,3388841.014,0.162047074,0.446564885,0.017586514,2787373.681,25950912.99,98929.73282
26/7/2021,8884,97.192,72147.885,11480,536723,19819,0.092184915,427588707.5,0.084722628,3735962.856,0.622193431,1.690997567,0.016214112,2420051.451,23597342.91,134122.7275
27/7/2021,8313,100.198,66672.335,6780,464510,14677,0.086717918,390279946.9,0.080757869,3524407.398,0.050761501,0.042372881,0.014338983,2693808.935,26015798.64,123124.1283
28/7/2021,8080,123.333,65516.13,4151,450743,11993,0.076963572,412946777.2,0.071849589,3411070.546,0.289854289,0.869565217,0.013014101,2728041.174,24845108.2,105782.9133
29/7/2021,7280,110.044,61423.176,3904,411087,10913,0.089191283,426135895.8,0.082474576,3262962.122,1.789495157,2.483617433,0.015455206,2825337.785,24680702.65,119189.8136
30/7/2021,6384,69,55798.265,5793,368052,11853,0.080940964,451422224.9,0.074591566,3707810.958,0.000812048,0,0.014528916,3049631.952,17122689,103361.2325
31/7/2021,5932,79,55389.825,2979,329520,8739,0.067301691,400082230.8,0.060906372,4994922.412,2.694408322,1.347204161,0.0146671,4306789.102,20253200.2,146975.513
3/8/2021,2450,35.263,21433.938,4950,165510,7161,0.093233468,509652153.9,0.088049933,2698467.166,0.012408907,0.047233468,0.017589744,2357469.249,12526595.5,55369.06383
4/8/2021,4868,93.479,47231.112,6282,248444,10838,0.084442308,394668734.3,0.076991587,3049866.379,0.448558894,1.481610577,0.015272837,2629269.585,18965400.01,86449.73317
5/8/2021,4530,85.441,41415.626,4446,223477,8762,0.067582734,356233503.3,0.059086331,3495654.291,0.467016787,0.921023981,0.017207434,2994737.846,16065714.02,84917.90767
6/8/2021,2559,59.205,19254.969,97,50289,2648,0.079011097,411182122.4,0.069686806,3686349.73,0.104032059,0.172626387,0.014759556,3656262.3,11530875.13,26497.71208
7/8/2021,2011,59,14405.053,77,38660,2079,0.070804569,375440071.7,0.062595178,2640338.081,0,0,0.016914975,2622644.228,2107844.431,28440.62906
8/8/2021,1710,32.34,12134.091,92,33837,1792,0.079979275,383855240.7,0.065634715,2601588.583,0.17925,0.527007772,0.019417098,2572000.112,3811913.358,25511.35764
9/8/2021,2756,86.364,22805.29,109,35505,2858,0.069401478,394427577.2,0.060965517,2919636.447,6.147958128,1.352019704,0.012242611,2898495.799,5991127.547,35820.01564
10/8/2021,2793,73.179,19863.711,134,37901,2917,0.077066826,445694503,0.068281623,2625799.494,0.455575179,0.856330549,0.015904535,2584292.698,7369370.962,20069.25979
11/8/2021,2841,69.08,21952.945,85,37961,2921,0.070425273,382217542.6,0.05954192,2899902.712,2.897890644,1.172130012,0.013755772,2885111.55,6454333.317,21381.12333
12/8/2021,2616,73.162,20073.498,5,28742,2620,0.067852761,406943665,0.065090798,2454375.383,1.408280982,1.783309202,0.003374233,2454520.78,6891697.944,267.0429448
13/8/2021,2663,60,18708.569,31,36883,2694,0.071496962,392561695.4,0.063526124,2674110.8,0,0,0.011577157,2669426.049,4022018.591,7620.625759
14/8/2021,3271,59.923,19492.829,56,87371,3323,0.067509506,398314078.6,0.062555133,2611316.582,0.40387199,0.889844106,0.008727503,2612078.972,7280642.063,16426.69303
15/8/2021,3441,48.489,20888.294,277,134258,3697,0.059082614,353550927.6,0.051679408,2533408.792,0.203099877,0.813975339,0.01444143,2505690.967,9013324.372,44350.80062
16/8/2021,5630,117.252,41125.04,3037,238463,8507,0.079042604,413051030.1,0.068447337,2791003.167,4.181383432,2.15487929,0.017088757,2430913.089,17143688.22,68707.03787
17/8/2021,6184,98,50221.928,10738,298298,16311,0.082185096,394579112.4,0.071951923,3883478.361,0,0,0.015384615,2591350.692,17942384.9,111233.1772
18/8/2021,5819,102.702,60167.305,17403,300680,22252,0.074767712,372245965.4,0.065415796,4718794.713,0.639873403,0.376049942,0.014088269,2574703.281,17768219.22,175961.4855
19/8/2021,5339,111.784,57788.505,24462,295604,28660,0.074328588,439344478,0.062812574,4449227.752,0.304418743,0.7914828,0.01556465,2499740.489,20792549.6,113047.8327
20/8/2021,5403,72.609,42893.181,8036,269029,12997,0.081349933,399164899,0.071807537,3178005.774,0.725166891,0.888589502,0.018207268,2308500.945,20680741.79,102992.1094
21/8/2021,4765,63.647,39392.403,5082,252225,9636,0.080868354,369567718.7,0.072340506,3465825.111,0.454020253,0.701264557,0.017959494,2517706.662,17348303.87,100244.3635
22/8/2021,4306,52,49914.047,11477,275402,15247,0.070800254,397336702.4,0.063382952,5169304.258,0,0,0.017173028,3288416.664,15407726.43,150247.8079
23/8/2021,4759,90,53671.609,15959,289869,19963,0.081736964,579449437,0.074470452,5799288.964,0,0,0.011066049,3918746.384,14078779.39,142973.657
24/8/2021,6922,98.537,70406.183,10910,356860,17265,0.081257303,642261680.4,0.074470787,6104479.572,0.265414607,1.095280899,0.011140449,4869379.148,16358040.34,134338.7921
25/8/2021,5852,104.483,55925.826,7654,250075,13150,0.078653199,673243338.2,0.070552189,5968148.869,0.19508642,0.157126824,0.014523008,5204400.87,13699280.7,92020.12907
26/8/2021,6434,126,57213.771,4260,284430,10453,0.081048098,691854517.7,0.074991051,6390592.764,0,0,0.013295302,5716401.403,12127121.99,107514.7364
27/8/2021,6350,76,71886.551,15816,358173,21466,0.073771234,782176688.4,0.067609287,8755494.419,0.508493771,0.508493771,0.012505096,6896622.606,17837410.29,158727.8165
28/8/2021,6532,76,55103.713,3752,322544,10109,0.064303488,531473270.5,0.06020814,5024991.972,0,0,0.014426744,4560669.682,19312589.32,123406.4901
29/8/2021,6343,65,59290.778,3054,352089,9287,0.056988901,527276096.9,0.054059933,5702926.446,0,0,0.01536515,5461703.028,11337379.16,106340.3629
30/8/2021,6895,81,76974.98,2852,365634,9640,0.070621064,990198297.8,0.067614549,10124900.53,0,0,0.011388708,9858525.318,10898155.03,78749.08773
31/8/2021,5653,85.122,58111.601,3243,271186,8739,0.071218202,647086286.1,0.067359649,8048470.66,0.014027412,0.115131579,0.012057018,7423165.671,16824920.06,86692.99342
1/9/2021,4962,70.371,41038.41,8800,213557,13384,0.086102925,492052328.1,0.080349946,6120588.133,0.596476706,0.780632719,0.013963164,5082788.467,10779084.17,93439.52979
2/9/2021,5896,89,53156.921,9921,278732,15344,0.075389011,659845370.6,0.070134066,7906122.879,0,0,0.012281319,7001509.572,12547259.03,93143.07978
3/9/2021,6471,86.54,61191.883,3044,303994,9385,0.066536344,707012764.8,0.060915198,8052245.556,0.191164097,0.354185022,0.015943833,7807230.291,16657700.47,70811.36068
4/9/2021,6983,83.625,57327.796,1539,360076,8464,0.055560088,516572852,0.051381477,6506210.872,0.113218302,0.181272326,0.01937376,6375416.847,14020095.59,54643.28875
5/9/2021,5889,73,53247.905,3047,316913,8832,0.063714286,604812737.1,0.061018973,6062385.481,0,0,0.02009375,5846075.146,16596953.25,95076.5019
6/9/2021,7044,78.511,68723.576,3103,338635,9982,0.071132135,866666712.5,0.068323467,10028094.22,0.056687104,0.110993658,0.013784355,9738216.114,13575250.34,86083.10254
7/9/2021,8883,75,66636.615,2340,548578,11074,0.069812695,661969277.9,0.065777315,8637138.444,0,0,0.016434964,8234865.05,16944050.11,92501.77263
8/9/2021,8923,76.249,68608.458,1511,519840,10347,0.066056604,587918132.1,0.064066038,6232853.844,0.021955975,0.088050314,0.010932914,5984504.245,14533726.02,85423.63941
9/9/2021,8296,16.576,64941.265,4429,450904,12512,0.074856237,1169334555,0.07144186,9743151.647,0.353770613,0.224418605,0.013384778,9222576.712,9315721.146,93537.32252
10/9/2021,5821,9.702,55401.362,11568,324337,16935,0.080327194,540623219.9,0.075256771,6662709.031,0.501375948,0.294607801,0.012446371,5651617.171,5360157.868,112663.6928
11/9/2021,6431,7,47247.2,4108,347115,10377,0.074237832,621927383.6,0.069571903,5741167.308,0,0,0.01543031,5007056.783,6026027.628,124483.4723
12/9/2021,3997,8,33206.722,547,185188,4510,0.06644559,424850502.4,0.062674685,4716475.874,0,0,0.018476518,4556088.69,4488381.361,77248.02371
13/9/2021,4086,13,27349.973,725,178602,4764,0.0878844,441859141.9,0.085316498,3824546.43,0.57687991,0.57687991,0.011836139,3679041.183,1990712.673,81698.68238
14/9/2021,5501,38.497,30123.108,1503,324939,6912,0.100679669,487246498.5,0.096648936,3915772.193,0.253828605,0.340425532,0.011808511,3615060.509,5530315.168,98305.3883
15/9/2021,5769,28.511,36651.367,2176,385667,7828,0.078744344,495875468.8,0.075045249,4769136.164,0.491667421,0.962895928,0.010140271,4101939.1,6272220,119961.8895
16/9/2021,5447,31,38445.352,6836,363578,11961,0.085585421,459888986.7,0.080212984,4326654.165,0,0,0.013917995,3313198.908,9733523.772,145846.2454
17/9/2021,5697,45.333,73953.7,15570,440713,20568,0.090700111,656354684.2,0.085076923,6817617.119,0.214046823,0.642140468,0.011114827,4856206.858,13792069.17,178611.4504
18/9/2021,4960,24.723,59491.791,3747,312853,8528,0.088575827,661493790.7,0.085460661,6257176.406,1.431466363,2.419612315,0.012717218,5583954.145,8553231.204,171466.5291
19/9/2021,4719,29,53278.888,495,308651,5179,0.083723256,818523116,0.081925581,7298899.056,0,0,0.014780233,7132413.702,8439183.814,77111.75721
20/9/2021,5032,49.151,53552.943,1050,232914,5999,0.089395469,658269773.6,0.087303811,6247272.156,0.082979403,0.072090628,0.008833162,5977013.667,11094865.18,137708.5
21/9/2021,5223,69,52247.114,1016,255750,6177,0.089751864,489207168.7,0.086922258,4998404.433,0,0,0.010825346,4751042.627,12434442.62,118343.6191
22/9/2021,3190,53.273,27452.736,1389,94209,4505,0.088051576,484622782.6,0.081744031,5026398.937,0.125976122,0.242597899,0.011848138,4533329.917,4453506.491,54426.45883
23/9/2021,3396,50.242,26551.359,2527,95179,5789,0.08204116,489275320.5,0.073522919,4856287.857,0.14912348,0.370439663,0.010590271,4181479.905,2054831.151,96299.92049
24/9/2021,3963,23.453,31673.665,3566,141350,7326,0.079200555,464569390.8,0.073268946,5141103.984,0.108512939,0.239371534,0.008660813,4254353.03,2449903.867,111274.701
25/9/2021,3385,22,27719.814,1880,125511,5165,0.068937918,454827251.4,0.061680038,4642230.011,0,0,0.010122254,4217649.802,1727245.463,77917.43018
26/9/2021,2538,25,22847.295,1186,103992,3641,0.073727273,431357315.1,0.066643939,4742158.273,0,0,0.010684659,4412034.153,2669169.492,92329.27869
27/9/2021,6253,47,39464.561,3556,276084,9584,0.085634168,584865092.4,0.079575134,5377223.052,0,0,0.00869678,4805520.716,3766221.868,82095.50358
28/9/2021,5085,38,29954.623,4282,241020,9099,0.074718519,372968783,0.068076852,3428993.451,0,0,0.009035185,2581359.655,5521505.344,95976.49148
29/9/2021,4025,68.404,26656.764,3673,192554,7432,0.10753034,377312992,0.100552184,2783803.655,0.12640534,0.313106796,0.010104369,1821182.495,7062674.485,133472.2913
30/9/2021,4159,47,28793.324,4392,286462,8205,0.101792848,414307963.1,0.095215783,3265085.402,0,0,0.00901233,1993384.792,8546715.403,166539.0863
1/10/2021,5695,39.246,32359.47,9039,611881,14309,0.097877039,433531906.9,0.087981179,3634879.011,0.148124216,0.602258469,0.013010038,1880767.054,16009012.41,128816.9009
2/10/2021,5938,18,28145.134,5882,661316,11557,0.076394937,364890688.1,0.067622785,3048058.023,0,0,0.014510127,1673888.504,10080119.99,169134.9209
3/10/2021,7009,20.404,28260.965,4126,749917,10843,0.076514103,333947416.4,0.070519231,2725554.86,0.054417949,0.134615385,0.012679487,1541817.24,7124484.523,159347.9603
4/10/2021,11782,28.14,61028.918,12981,1594453,23901,0.095390419,371861492,0.08994491,4131546.65,0.882122156,0.810113772,0.00939521,1837826.172,15590775.33,198772.0311
5/10/2021,4885,47.355,32971.608,5637,436185,10112,0.082747537,359440021.1,0.07692734,3932655.041,1.700332512,1.067902709,0.008801724,1823134.236,4674867.099,238301.0406
6/10/2021,5180,57,16652.872,186,476478,5341,0.09123221,365972476,0.079543071,1660797.437,0,0,0.014539326,1672277.168,4820462.422,33418.82409
7/10/2021,6168,42.12,14940.132,97,624657,6256,0.09064,384619090.6,0.086023448,1412820.513,0.355393103,0.317217931,0.004918621,1422021.659,1780760.425,32178.59448
8/10/2021,5164,48.468,13753.105,98,534738,5258,0.169526718,561554610.7,0.142751908,1911379.531,0.244301527,1.041984733,0.027129771,1894739.899,8543978.183,21879.45229
9/10/2021,4613,39,13645.848,596,496567,5157,0.162863118,689668493.5,0.133547529,2515315.871,0,0,0.031749049,2382799.07,7614617.3,145165.7395
10/10/2021,5239,29,20293.888,5224,629490,9983,0.120076923,456243384.5,0.094080586,3878362.784,0,0,0.028978022,2222854.425,34032743.49,230651.5714
11/10/2021,10025,117,114347.109,34138,1211877,41892,0.124079903,581355204,0.091871671,14018275.25,2.629225182,2.629539952,0.048503632,2813475.031,73972985.09,1041303.988
12/10/2021,9921,111.764,115899.298,27044,1032729,34887,0.114826196,540125663.8,0.088843829,11035133.62,0.323360202,0.423173804,0.047256927,3053058.413,108830024.2,1089411.181
13/10/2021,9118,118.127,112639.721,34128,910250,40586,0.13391067,489958113,0.094203474,10489757.4,1.477635236,0.694789082,0.060523573,2663454.522,108174885.1,721608.8449
14/10/2021,9841,100.769,96617.912,40386,1218586,48414,0.116348894,486173212.9,0.081235872,10060884.66,0.317464373,0.412776413,0.0425086,2992740.45,98251474.45,747095.1941
15/10/2021,10312,118.133,103451.328,34056,1094079,42658,0.109390181,604854704.9,0.087813953,8190582.044,0.067258398,1.187080103,0.024416021,3393368.882,148915660.1,486187.1891
16/10/2021,8039,57,87548.205,26083,879057,32786,0.106758333,662671413.4,0.086961111,7298607.358,0,0,0.024677778,3524797.128,112560091.5,534596.8306
17/10/2021,7988,47.242,64895.303,14605,877186,21821,0.07802957,506908611.7,0.062163978,6887907.355,0.276561828,1.143110215,0.025932796,3829304.452,64782217.49,487485.2177
18/10/2021,10322,74,92202.453,23100,1089547,32193,0.094740947,598911715.7,0.080935933,8348688.844,0,0,0.023629526,3930308.384,92644663.2,616713.7131
19/10/2021,11060,113.5,98114.149,24794,1143921,34295,0.108458333,725634496.3,0.093197222,8594996.242,0.097222222,0.194444444,0.023866667,3884495.619,75193021.56,536018.2917
20/10/2021,11694,64.228,61228.72,11552,1183663,22468,0.095037838,533418443.2,0.077872973,6856562.159,2.988921622,5.511891892,0.029008108,3448508.23,30483141.69,386388.8946
21/10/2021,5630,64.914,31602.079,2717,408009,8158,0.090481159,583784549.3,0.077982609,5496167.736,6.065637681,19.6834087,0.016402899,3467636.339,20271141.28,443773.5826
22/10/2021,6131,141.833,45079.936,5928,402373,11634,0.102184987,653350294.3,0.088463807,6715109.946,0.210008043,0.252010724,0.017697051,3723494.078,24587474.77,535953.7587
23/10/2021,4786,42.084,23459.62,2532,266537,7133,0.101415385,573691400.1,0.0888,6140742.114,0.547870769,13.12,0.018381538,3263803.705,37235439.31,419705.9046
24/10/2021,5309,30.724,24969.635,3277,377823,8291,0.088125364,555410799.8,0.076819242,6027550.816,0.221618076,0.306122449,0.023253644,3500138.292,21198474.92,520721.7959
25/10/2021,6728,94.693,49925.138,6881,455877,13097,0.094591781,733855440.2,0.080452055,8578949.652,0.966819178,1.394339726,0.022073973,4741747.716,50102969.02,475349.3329
26/10/2021,6088,51,30570.438,2061,396314,7995,0.097803977,709375044.8,0.084167614,6710217.636,0,0,0.018247159,3973968.112,10027031.16,407142.2656
27/10/2021,6821,67,27181.427,1335,476480,8060,0.083610959,559708539.1,0.07000274,5237239.756,0,0,0.022841096,3576401.142,14072495.56,377477.5559
28/10/2021,6068,50.5,24659.104,1980,432633,7906,0.092926686,617718576.8,0.076967742,5467056.551,0.450439883,0.900879765,0.020475073,3762263.867,14414060.61,499587.5528
29/10/2021,6333,40,27016.153,2557,456003,8738,0.093,499076547.3,0.076065753,5208925.452,0,0,0.024613699,3002034.099,12209663.21,287448.011
30/10/2021,5608,33.51,22700.053,728,424084,6279,0.093833819,637208212,0.076131195,5262384.962,0.406425656,1.558892128,0.027087464,3729666.347,12734832.56,370381.1224
31/10/2021,4706,25.824,13783.359,771,343683,5410,0.072848837,465206862.2,0.061322674,4756673.506,0.919851744,1.116392442,0.024156977,3434030.48,7511657.023,267452.7544
1/11/2021,5768,55.342,25554.012,4126,409649,9629,0.093653731,541548187,0.073420896,5607551.233,0.248295522,1.434626866,0.026940299,3249175.162,16593294.69,350619.3531
2/11/2021,7082,40.456,26505.341,3402,602557,10284,0.103687671,551383844.5,0.087194521,5433944.419,1.908605479,6.169863014,0.023161644,3566028.171,16898698.35,265256.2885
3/11/2021,7782,41,31676.951,4133,598561,11696,0.103893333,436950895.4,0.082437333,5644417.659,0,0,0.036464,3423278.486,15219191.22,339666.1608
4/11/2021,7422,33.008,32895.549,1547,500051,8877,0.115647059,400365954.4,0.101582888,5675589.398,0.009441176,1.155187166,0.022336898,3395373.591,37024943.91,342079.7727
5/11/2021,7349,45.422,23705.35,1076,526347,8370,0.101516043,394034668.4,0.084772727,4541353.316,0.243836898,0.577540107,0.028040107,3057742.07,6042469.743,340465.4492
6/11/2021,5997,31.476,26024.894,561,367861,6514,0.091565341,323537201.8,0.080110795,4261984.659,0.315590909,0.662727273,0.030576705,3544021.542,25401044.8,290755.0503
7/11/2021,5599,22,15089.38,574,384069,6125,0.112441441,318371231.3,0.094681682,4008237.514,0,0,0.028582583,2794047.664,21390614.45,312713.2057
8/11/2021,4087,64.524,23626.057,1900,141590,5852,0.11155163,380175376.4,0.096836957,5358915.451,8.458779891,5.90875,0.022891304,2801189.435,11733573,415100.7989
9/11/2021,4279,89.734,33238.968,2252,123658,6367,0.11213,582657881.2,0.0991975,6106152.125,18.425115,8.5990075,0.02328,4002762.74,23748780.72,318835.435
10/11/2021,3553,75.662,24318.907,2731,76748,6075,0.128151741,470330776.5,0.111902985,5794307.731,28.60381592,14.5845,0.021126866,2783041.878,18455495.95,430585.2985
11/11/2021,4346,124.046,44416.285,7625,135261,10961,0.104274419,467693086.6,0.085467442,6792784.212,52.41506512,12.90762558,0.027262791,3547945.816,20955643.38,529745.5535
12/11/2021,5563,228.826,74042.491,13898,173249,17554,0.13907619,670246268.5,0.119752381,6297485.845,43.7365381,14.79785952,0.02307381,3662836.926,74876485.51,608168.4381
13/11/2021,6586,222.453,91048.194,20126,273370,24466,0.140269231,680320063,0.118646154,6241662.859,30.18888974,5.125161538,0.027641026,3188096.133,59011143.36,618667.0026
14/11/2021,10062,194.941,119017.771,23717,379037,31310,0.117384422,614327202.2,0.099570352,6919972.997,30.41911055,6.020562814,0.02778392,4351591.802,80679470.03,475300
15/11/2021,10895,229.978,131851.198,26547,388890,34495,0.10743908,698716003.9,0.087756322,6982220.044,44.71456552,11.26306667,0.028443678,3821317.216,67910092.97,476264.9379
16/11/2021,11980,306.033,147426.021,32425,481320,39838,0.124583908,772026155.5,0.101114943,7122981.91,58.17591034,9.496289655,0.031894253,4493273.053,70456273.33,507549.5011
17/11/2021,11765,264.024,170850.439,53676,637500,59442,0.094190367,519665765.2,0.073470183,7700600.55,30.77088761,4.465527523,0.027243119,4146784.911,53780125.63,346822.7775
18/11/2021,10476,237.24,165889.521,41070,603214,47014,0.080732877,567887394.5,0.062125571,8255835,29.91198858,11.04840868,0.025712329,4949492.997,68189047.37,383793.5171
19/11/2021,8217,217,127584.876,32547,484211,37269,0.098592593,549228048.1,0.080164021,8053496.05,4.135185185,0.121624339,0.025753968,4625944.188,59181793.63,571708.2751
20/11/2021,1964,43.552,19419.922,0,15935,1964,0.111123894,781790804.3,0.111123894,4737874.867,0.542659292,3.218584071,0,4737874.867,35494729.88,0
21/11/2021,1589,28,15875.207,0,15106,1589,0.103045249,688091775,0.103045249,4619716.29,0.00799095,0,0,4619716.29,17064724.05,0
22/11/2021,3010,56.348,24747.314,0,23573,3010,0.110951613,626130206.4,0.110951613,4268376.194,0.327919355,0.941129032,0,4268376.194,31197838.02,0
23/11/2021,3107,70.102,24769.99,0,24459,3107,0.111181818,626538207.5,0.111181818,4178459.554,0.093398268,2.130735931,0,4178459.554,33367457.66,0
24/11/2021,3095,64.043,23766.152,0,23480,3095,0.11992735,608100980.5,0.11992735,4027988.218,0.084175214,1.948717949,0,4027988.218,30080953.16,0
25/11/2021,2760,65.356,21811.711,0,20789,2760,0.115711297,599104747.6,0.115711297,3938166.234,1.714171548,2.201619247,0,3938166.234,24426460.52,0
26/11/2021,2633,63,24902.103,0,20147,2633,0.121459916,704554767.8,0.121459916,3867403.038,0,0,0,3867403.038,22209025.32,0
27/11/2021,1923,48,15923.65,0,16618,1923,0.106793722,714407148,0.106793722,3925724.094,0,0,0,3925724.094,14168673.96,0
28/11/2021,1556,43.746,13019.535,0,14670,1556,0.094275556,613442593.4,0.094275556,4065193.6,0.467386667,2.567111111,0,4065193.6,18672933.72,0
29/11/2021,2767,73,25356.484,0,19706,2767,0.134161702,841523682.7,0.134161702,4753223.277,0,0,0,4753223.277,24569632.68,0
30/11/2021,3339,148,23003.886,0,20279,3339,0.130380165,622379254,0.130380165,3527672.636,0,0,0,3527672.636,15475948.68,0
1/12/2021,3148,108.023,22848.778,723,33234,3802,0.12819186,593732953.2,0.121918605,4221626.727,16.73535465,8.401988372,0.007633721,3413684.485,13304987.33,223645.866
2/12/2021,4053,98.048,43853.193,7322,141137,10693,0.11682235,687796574.6,0.11039255,6463719.98,34.63392837,19.29984241,0.007773639,4038483.845,33409564.95,223862.5903
3/12/2021,6105,81.839,116284.831,36322,404617,39788,0.092218814,515025123.7,0.069122699,11472321.96,12.70097342,8.340584867,0.027695297,4416810.507,59069866.27,757485.1984
4/12/2021,5883,60.994,84304.823,30136,301875,33202,0.100651163,586467957,0.082139535,9292476.81,12.21154334,9.279065539,0.023257928,4364051.246,29754917.96,611458.9144
5/12/2021,4791,69.679,71001.763,24316,228225,26954,0.088641189,546464730.6,0.068694268,9132517.851,19.91088535,6.122558386,0.028169851,4160600.446,148513644.1,724688.5393
6/12/2021,4640,96.729,47090.722,4246,135473,8440,0.093164114,628375102.7,0.070540481,6685899.512,36.66859737,14.56742232,0.029507659,4499780.964,28280304.46,314592.2943
7/12/2021,5386,111.078,50905.216,1853,153486,7058,0.104752155,609198982.8,0.081047414,5413948.228,29.13966379,9.479739224,0.04087069,4166875.073,22262428.29,298720.8291
8/12/2021,4155,90.611,42568.518,1332,87305,5356,0.116417978,987688990.9,0.089775281,4801494.225,20.33853483,5.368766292,0.033305618,4021159.684,23998476.5,448593.0436
9/12/2021,5093,152.344,54349.298,2852,105598,7686,0.13465625,995271015.9,0.110272917,7126468.992,18.00017708,9.4444375,0.0354875,5247333.625,18492127.25,395061.1333
10/12/2021,12037,95.297,118205.085,5043,522053,16627,0.103004367,812057608.8,0.079740175,8318713.515,9.070962882,6.027572052,0.034312227,5677694.662,130583269.6,417781.7817
11/12/2021,9233,85.339,112899.011,7534,424788,16165,0.113106061,1136472859,0.089424242,9439471.626,14.41679545,4.951267677,0.03220202,5855728.78,58688029.95,415694.8788
12/12/2021,9175,64.597,94844.687,2327,417478,11286,0.098554707,1233458033,0.077615776,9135149.425,12.40740204,8.674445293,0.026852417,6504560.827,88886917.23,420589.6387
13/12/2021,4758,71.56,77303.122,7040,175823,11229,0.109457746,1441056193,0.085974178,10620923.77,7.51192723,6.471138498,0.025877934,7221748.197,40138039.47,433356.0469
14/12/2021,6466,55.582,99212.622,6610,263315,12523,0.120009456,2041165516,0.099186761,12938601.1,10.64893617,5.923836879,0.024130024,9586977.248,66866351.85,348183.1726
15/12/2021,4957,94.156,102757.029,12439,234596,16261,0.103193853,2051352539,0.08,14131449.56,25.68580615,6.063267139,0.025810875,9878326.686,58738432.95,341871.8558
16/12/2021,5238,92.194,105972.863,11687,249657,15837,0.112971631,2938418875,0.091635934,14340509.29,12.62051064,6.403208038,0.023706856,11395231.01,59244100.92,379571.5366
17/12/2021,4478,66.092,87348.309,4363,202906,8467,0.097870968,2192084282,0.079808756,11539768.55,8.72702765,4.915682028,0.019801843,9340672.979,44319435.35,390356.3456
18/12/2021,3649,65.438,65562.494,1654,137642,5163,0.100959079,1887583806,0.077813299,10929028.2,20.29904348,9.847570332,0.024647059,9563767.607,27151673.62,389778.4739
19/12/2021,3998,36.555,71548.639,1216,163508,5106,0.111032828,2009325188,0.085527778,10726626.93,11.11722222,2.931070707,0.028431818,10463391.58,85440235.13,291038.0076
20/12/2021,3861,66.5,132602.811,1405,122606,5142,0.111112941,4765722968,0.08952,20471797.85,2.959529412,3.750117647,0.02456,20236694.18,80897397.04,201296.3353
21/12/2021,3601,51.902,102646.866,2139,109910,5567,0.114789227,2051183991,0.08771897,13598299.15,6.404913349,6.346508197,0.029409836,13254874.4,60805775.75,175913.6393
22/12/2021,3492,54,94776.683,1585,102316,4939,0.11171358,2824108654,0.089693827,16807634.57,4.38345679,3.405308642,0.024296296,16128814.06,93914549.25,225496.7546
23/12/2021,2546,37.871,67440.877,1605,71469,4039,0.087644391,1254204516,0.066778043,12032813.69,1.587544153,1.696420048,0.02299284,10847827.8,47346143.87,226997.0711
24/12/2021,2407,18,48938.112,4028,108822,6107,0.100076167,1355422538,0.065668305,12693478.58,1.314004914,1.314004914,0.036781327,11343358.16,11197064.14,317836.8821
25/12/2021,1922,13,37158.313,3226,102644,4885,0.095130667,1234003933,0.064386667,16148554.9,0,0,0.032776,15036333.84,28242119.98,233124.336
26/12/2021,1680,12,51011.347,3513,65135,4925,0.101093085,1307529163,0.069601064,13092143.32,0,0,0.032768617,12413017.97,22946453.78,234012.7798
27/12/2021,3833,58.616,29752.39,5311,126647,8587,0.13613835,437221517.4,0.115609223,4476799.904,6.064118932,5.785427184,0.022143204,3314171.178,17592614.73,327829.7694
28/12/2021,3842,45.199,28641.675,3620,110404,7146,0.13351816,452024764.2,0.110738499,4785473.787,2.14848184,2.866101695,0.026646489,2693765.818,12937353.41,321089.1404
29/12/2021,3867,76.815,30407.423,4321,118359,7825,0.116258621,409569799.7,0.092768473,6357136.084,4.186482759,3.307118227,0.025128079,3497592.259,7788008.069,445623.4877
30/12/2021,3380,61.871,25419.502,2449,92807,5644,0.130054726,481355319.9,0.10671393,3869320.291,4.026606965,3.555659204,0.025121891,3003766.505,8501219.318,331835.1144
31/12/2021,2153,24.564,17018.391,1733,77718,3778,0.097120448,358096181.4,0.078201681,4932193.297,0.240176471,0.425770308,0.020691877,3203518.473,7649803.922,375939.2101
1/1/2022,2089,11,17098.251,2100,102736,4074,0.081450581,292570385,0.053258721,5228926.195,1.88372093,1.88372093,0.030997093,3402931.234,20336994.49,287498.734
2/1/2022,2521,23.842,20099.333,1351,108715,3772,0.090236994,383844637.4,0.067401734,5506916.408,1.139086705,1.196531792,0.025748555,4734449.815,21444042.13,311683.7572
3/1/2022,2333,41,19650.125,1329,51437,3550,0.131129288,624544470.4,0.104728232,5347310.842,0.963060686,0.963060686,0.030868074,4146269.798,9783300.77,334460.5557
4/1/2022,1942,29,12803.447,312,22334,2239,0.119406728,525349000.1,0.09288685,3493593.199,0,0,0.028501529,3368809.462,6901867.021,275072.4098